Chondathan,male,Darvin
Chondathan,male,Dorn
Chondathan,male,Evendur
Chondathan,male,Gorstag
Chondathan,male,Grim
Chondathan,male,Helm
Chondathan,male,Malark
Chondathan,male,Morn
Chondathan,male,Randal
Chondathan,female,Arveene
Chondathan,female,Esvele
Chondathan,female,Jhessail
Chondathan,female,Kerri
Chondathan,female,Lureene
Chondathan,female,Miri
Chondathan,female,Rowan
Chondathan,female,Shandri
Chondathan,surname,Amblecrown
Chondathan,surname,Buckman
Chondathan,surname,Dundragon
Chondathan,surname,Evenwood
Chondathan,surname,Greycastle
Chondathan,surname,Tallstag
Damaran,male,Bor
Damaran,male,Fodel
Damaran,male,Glar
Damaran,male,Grigor
Damaran,male,Igan
Damaran,male,Ivor
Damaran,male,Kosef
Damaran,male,Mival
Damaran,male,Orel
Damaran,male,Pavel
Damaran,female,Alethra
Damaran,female,Kara
Damaran,female,Katernin
Damaran,female,Mara
Damaran,female,Natali
Damaran,female,Olma
Damaran,female,Tana
Damaran,surname,Bersk
Damaran,surname,Chernin
Damaran,surname,Dotsk
Damaran,surname,Kulenov
Damaran,surname,Marsk
Damaran,surname,Nemetsk
Damaran,surname,Shemov
Illuskan,male,Ander
Illuskan,male,Blath
Illuskan,male,Bran
Illuskan,male,Frath
Illuskan,male,Geth
Illuskan,male,Lander
Illuskan,male,Luth
Illuskan,male,Malcer
Illuskan,male,Stor
Illuskan,male,Taman
Illuskan,male,Urth
Illuskan,female,Amafrey
Illuskan,female,Betha
Illuskan,female,Cefrey
Illuskan,female,Kethra
Illuskan,female,Mara
Illuskan,female,Olga
Illuskan,female,Silifrey
Illuskan,surname,Brightwood
Illuskan,surname,Helder
Illuskan,surname,Hornraven
Illuskan,surname,Lackman
Illuskan,surname,Stormwind
Mulan,male,Aoth
Mulan,male,Bareris
Mulan,male,Ehput-Ki
Mulan,male,Kethoth
Mulan,male,Mumed
Mulan,male,Ramas
Mulan,male,So-Kehur
Mulan,male,Thazar-De
Mulan,female,Arizima
Mulan,female,Chathi
Mulan,female,Nephis
Mulan,female,Nulara
Mulan,female,Murithi
Mulan,female,Sefris
Mulan,female,Thola
Mulan,female,Umara
Mulan,female,Zolis
Mulan,surname,Ankhalab
Mulan,surname,Anskuld
Mulan,surname,Fezim
Mulan,surname,Hahpet
Mulan,surname,Nathandem
Mulan,surname,Sepret
Mulan,surname,Uuthrakt
Rashemi,male,Borivik
Rashemi,male,Faurgar
Rashemi,male,Jandar
Rashemi,male,Kanithar
Rashemi,male,Madislak
Rashemi,male,Ralmevik
Rashemi,male,Shaumar
Rashemi,female,Fyevarra
Rashemi,female,Hulmarra
Rashemi,female,Immith
Rashemi,female,Imzel
Rashemi,female,Navarra
Rashemi,female,Shevarra
Rashemi,female,Tammith
Rashemi,surname,Chergoba
Rashemi,surname,Dyernina
Rashemi,surname,Iltazyara
Rashemi,surname,Murnyethara
Rashemi,surname,Stayanoga
Rashemi,surname,Ulmokina
Shou,male,An
Shou,male,Chen
Shou,male,Chi
Shou,male,Fai
Shou,male,Jiang
Shou,male,Jun
Shou,male,Lian
Shou,male,Long
Shou,male,Meng
Shou,male,On
Shou,male,Shan
Shou,male,Shui
Shou,female,Bai
Shou,female,Chao
Shou,female,Jia
Shou,female,Lei
Shou,female,Mei
Shou,female,Qiao
Shou,female,Shui
Shou,female,Tai
Shou,surname,Chien
Shou,surname,Huang
Shou,surname,Kao
Shou,surname,Kung
Shou,surname,Lao
Shou,surname,Ling
Shou,surname,Mei
Shou,surname,Pin
Shou,surname,Shin
Shou,surname,Sum
Shou,surname,Tan
Turami,male,Anton
Turami,male,Diero
Turami,male,Marcon
Turami,male,Pieron
Turami,male,Rimardo
Turami,male,Romero
Turami,male,Salazar
Turami,female,Balama
Turami,female,Dona
Turami,female,Faila
Turami,female,Jalana
Turami,female,Luisa
Turami,female,Marta
Turami,female,Quara
Turami,female,Selise
Turami,surname,Agosto
Turami,surname,Astorio
Turami,surname,Calabra
Turami,surname,Domine
Turami,surname,Falone
Turami,surname,Marivaldi
Turami,surname,Pisacar
Calishite,male,Aseir
Calishite,male,Bardeid
Calishite,male,Haseid
Calishite,male,Khemed
Calishite,male,Mehmen
Calishite,male,Sudeiman
Calishite,female,Atala
Calishite,female,Ceidil
Calishite,female,Hama
Calishite,female,Jasmal
Calishite,female,Meilil
Calishite,female,Seipora
Calishite,female,Yasheira
Calishite,surname,Basha
Calishite,surname,Dumein
Calishite,surname,Jassan
Calishite,surname,Khalid
Calishite,surname,Mostana
Calishite,surname,Pashar
